"Epic","Feature","Story","FAILED","BROKEN","PASSED","SKIPPED","UNKNOWN"
"","Media API - Recommendations Operations","GET Recommendations","5","0","0","0","0"
"","Media API - Listing Operations","GET Content Listings","3","0","4","0","0"
"","","CREATE User","9","0","3","0","0"
"","","GET Search/Filter Media","2","0","4","0","0"
"","","GET Media Trailer","1","0","1","0","0"
"","Media API - Trending Now Operations","GET Trending Media","3","0","1","0","0"
"","Media API - Detail Operations","GET Media Detail","1","0","2","0","0"
"","","LOGIN User","2","0","6","0","0"
"","","","1","1","2","0","0"
"","","Valid Comment Submission","0","0","1","0","0"
"","Media API - Advanced Search Operations","GET Search Media","3","0","1","0","0"
